url,author,source,place,title,contenu,photo,date
http://www.liberation.fr/evenements-libe/2017/12/22/locavorisme-le-bonheur-est-dans-le-pres_1618625,Jacky Durand,Libé des solutions,France,Locavorisme : le bonheur est dans le près,"Contrepied à la grande distribution qui fit florès lors des Trente Glorieuses, l’esprit des Amap a essaimé dans toute la société. Objectifs : manger local, souvent bio, et rapprocher producteurs et consommateurs.

    Locavorisme : le bonheur est dans le près

Quel rapport y a-t-il entre Emilie Jeannin, éleveuse de charolais à la Ferme de Lignières, perdue dans le bocage bourguignon, et la boutique Au bout du champ, installée dans la très bobo rue des Martyrs à Paris ? Ils s’adressent tous les deux aux consommateurs par le plus direct chemin de la production à la vente. Emilie Jeannin propose des colis de viande (11 euros le kilo pour 10 kilos d’achat) en direct de sa ferme et Au bout du champ vend des fruits et des légumes de saison, récoltés le jour même chez les producteurs dans un rayon de 100 kilomètres autour de Paris.
Marchés paysans

Les circuits courts sont dans l’air de ce temps alimentaire, mitigé entre angoisse et hédonisme. Chaque jour, ils gagnent en visibilité, mais ne sont pas faciles à cerner tant ils sont multiples et éparpillés : cela va de la vente à la ferme aux marchés paysans en passant par les coopératives, les magasins associatifs, les sites internet, les drives de produits fermiers…

Si vous habitez Clermont-Ferrand, vous avez la chance de pouvoir vous approvisionner en saint-nectaire, en côtes d’agneau du Puy-de-Dôme, en potirons et en pommes auvergnates dans cette merveille de marché de producteurs qu’est la halle Saint-Joseph. Si vous empruntez les trains d’Ile-de-France, vous pouvez vous ravitailler dans une quarantaine de gares où des maraîchers locaux proposent leurs produits. Un peu partout dans l’Hexagone, vous pouvez aussi opter pour l’un des 1 000 points de distribution de la Ruche qui dit oui !, une plateforme d’achats en ligne de produits agricoles qui met en relation plus de 5 000 producteurs et 160 000 membres.

Au départ de tout cela fut l’Amap. Selon les auteurs du passionnant Et si on mangeait local ? (1), le premier prototype d’«association pour le maintien d’une agriculture paysanne» a vu le jour en avril 2001 sur une place de parking d’Aubagne (Bouches-du-Rhône). Le principe en est simple comme une poignée de mains entre deux maquignons : il s’agit d’un partenariat entre un groupe de consommateurs et un producteur. Les premiers paient à l’avance une part de la production sur une période définie au second, qui s’engage à fournir un panier de produits de qualité. Les Amap revendiquent le maintien de l’activité agricole par la garantie de revenu au paysan, ainsi que la fourniture au consommateur d’aliments frais, de saison, souvent biologiques, à un prix équitable pour les deux partenaires. Aujourd’hui, il existerait plus de 2 000 Amap en France, avec 250 000 adhérents et un chiffre d’affaires annuel de 150 millions d’euros.
Fil à couper le beurre

Mais n’en déplaise au nombrilisme tricolore, le mouvement locavore n’est pas né dans les choux bretons ou sous les oliviers provençaux. D’abord parce qu’en s’approvisionnant sans intermédiaire, on ne fait que redécouvrir la vente directe, écrabouillée par le rouleau compresseur de la grande distribution des Trente Glorieuses. Ensuite parce que les Japonais, dès les années 70, puis les Américains, dès les années 80, ont inauguré des circuits courts appelés respectivement «teikei» et «Community Supported Agriculture (CSA)». Les crises alimentaires, comme l’affaire de la vache folle, et une méfiance face à la mondialisation dictée par les groupes industriels, ont boosté les circuits courts, qui investissent désormais la restauration scolaire (lire page 4) comme les fourneaux gastronomiques (lire ci-contre).

Producteurs, adhérents des Amap, chefs et politiques revendiquent aujourd’hui une alimentation saine, une économie solidaire et une agriculture vertueuse. Selon une étude du cabinet Natural Marketing Institute, 71 % des Français préfèrent acheter des produits locaux et un producteur sur cinq vend en circuit court. Mais cette philosophie locavore n’empêche pas la schizophrénie d’une majorité d’entre nous, citoyens mangeurs qui continuons de remplir nos paniers dans les allées des supermarchés. La grande distribution a bien compris l’intérêt en terme d’image à promouvoir le plus court chemin entre le producteur et le consommateur dans ses linéaires. Son marketing revendique le local, l’authentique à travers des marques comme «Reflets de France», «Patrimoine gourmand»… Mais comme l’expliquent les auteurs de Et si on mangeait local ? : «Ces démarches en circuits courts représentent une part infime de la gamme des produits proposés dans leurs rayons.»

Les mots de Nicolas Hulot, ministre de la Transition écologique, commentant les Etats généraux de l’alimentation qui viennent de s’achever (lire aussi page 14), résument parfaitement la situation des Amap : un «processus constructif», mais «il y a encore beaucoup de travail».

(1) De Patrick Philipon avec Yuna Chiffoleau et Frédéric Wallet (éd. Quæ, 2017, 17 euros).
Jacky Durand ",http://md1.libe.com/photo/1082839-reportage-pour-liberation-a-l-auberge-du-vermont.jpg?modified_at=1514903347&width=960,22 décembre 2017
,Christophe Alix,Libé des solutions,,,,,22 décembre 2017
http://www.liberation.fr/evenements-libe/2017/12/22/du-cote-de-nice-visite-chez-les-pionniers-de-la-classe_1618629,Mathilde Frénois,Libé des solutions,Nice,"Du côté de Nice, visite chez les pionniers de la classe","Le village de Mouans-Sartoux, dans les Alpes-Maritimes, cultive ses propres parcelles pour fournir sa cantine scolaire en produits bios locaux. Le système, mis en place en 2010, perdure grâce à une méticuleuse chasse au gaspillage.

    Du côté de Nice, visite chez les pionniers de la classe

Camille, 6 ans, se met sur la pointe des pieds pour se rapprocher du self-service. Le nez collé aux ramequins en Pyrex, cet élève de CP compte chaque lamelle de chou chinois : «Il y en a six, je prends.» Il opte pour le ramequin le moins rempli. «Je n’aime pas les légumes. Sauf les frites, s’empresse de préciser le garçon. Ils en servent un mardi sur deux à la cantine. Et elles ne ressemblent pas à du plastique comme à McDo.»

Si dans les assiettes de l’école Aimé-Legall de Mouans-Sartoux les aliments ne sont pas tous calibrés, c’est qu’ils sont 100 % biologiques et 85 % locaux. Avec mille repas servis chaque jour dans ses écoles et ses crèches, cette commune des Alpes-Maritimes fait figure de précurseure. Car le ministre de l’Agriculture, Stéphane Travert, a annoncé le passage à 50 % de produits bios et locaux dans la restauration collective d’ici 2022. Un objectif qui entrera dans la loi, comme l’avait promis Emmanuel Macron lors de sa campagne présidentielle.
Vache folle

La commune de Mouans-Sartoux, elle, a eu le déclic en 1994. Alors que la France traverse la crise de la vache folle, la ville se tourne vers le bœuf biologique. Dix ans plus tard, Mouans-Sartoux revoit l’équilibre de ses menus pour arriver à cinq fruits et légumes par jour. Mais «si on sert davantage de légumes, on sert aussi davantage de pesticides», fait alors remarquer Gilles Perole, adjoint au maire chargé de l’éducation et de l’enfance et président de l’association nationale Un Plus bio. Petit à petit, la viande, le pain, les légumes, les gâteaux quittent le circuit d’approvisionnement traditionnel pour l’agriculture biologique. Mouans-Sartoux devient, le 1er juin 2012, la première ville de plus de 1 000 habitants à cuisiner 100 % bio.

Après avoir avalé sa bouchée de chou chinois, Camille plante sa fourchette dans un blanc de poulet, accompagné de coquillettes aux poireaux. Pourtant, c’est une sauce forestière qui était annoncée au menu. S’il n’y a pas l’ombre d’un champignon dans l’assiette, c’est que la cuisine s’adapte aux arrivages. Car, en plus d’être bios, 85 % des aliments sont issus d’un terrain municipal. «Lorsque l’on développait notre bio, on avait des produits qui venaient d’Amérique du Sud ou d’Afrique du Nord, raconte Gilles Perole. On a cherché à s’approvisionner en local, mais personne n’a répondu à notre appel d’offres. On s’est dit : ""Si personne ne peut nous fournir des légumes, on va les produire nous-mêmes"".» Un «défi en l’air» qui s’est rapidement ancré dans les terres. Dès 2008, la mairie préempte le domaine Haute-Combe, un terrain de quatre hectares avec plusieurs bâtisses. Elle y expérimente des plantations en 2010 et embauche une agricultrice un an plus tard.
Pois gourmands

Aujourd’hui, six hectares sont entretenus par trois employés de la commune. «Je suis l’unique agriculteur fonctionnaire de France», avance Sébastien Jourde. Ce vendredi matin, le ciel est couvert au-dessus des serres. Alors il s’affaire à mettre du fumier entre les salades, à semer les carottes et protéger les pois gourmands des limaces. «La saisonnalité des légumes et le calendrier scolaire ne suivent pas le même rythme, déplore-t-il par-dessus les cliquetis de la pluie qui tombe sur la bâche du tunnel. Je dois m’adapter pour cultiver 24 tonnes de légumes.»

La porte de la serre claque, poussée par le vent. Il poursuit : «On tente d’avoir des légumes d’été mûrs le plus tôt possible pour que les enfants les mangent avant les vacances.» Entre les gelées tardives et la sécheresse de l’été, «l’année n’a pas été simple». Sébastien Jourde doit aussi faire face aux sangliers qui labourent le champ, aux kiwis qui sont toujours «chétifs» deux ans après leur plantation, aux «radis qui piquent trop pour des enfants» et au stock de quatre tonnes de courges qu’il faut écouler. «Une année, on avait tellement de blettes que les enfants en mangeaient deux fois par semaine. On a varié les recettes jusqu’à les servir en tourtes au dessert», se souvient l’adjoint.

Depuis, Mouans-Sartoux a instauré un atelier de surgélation pour stocker tomates, aubergines, poivrons et les décongeler en hiver. «Gérer les quantités, c’est un casse-tête, reconnaît Frédéric Apers, second d’une brigade de sept cuisiniers. Parfois, on découvre les légumes le matin même. Mais c’est aussi notre moteur : faire de la qualité pour une grande structure.» En septembre, la cantine s’est équipée d’un pétrin pour la pâte à pizza et de la «Rolls Royce des fours» qui s’autonettoie à la vapeur. «Le frein au bio, c’est dans la tête, estime-t-il. Avec du matériel, une formation et du personnel, il est possible de travailler des produits frais.»

Dans le réfectoire, c’est bientôt l’heure de retourner en classe. Blottie dans son pull blanc, Madeline termine une assiette de coquillettes. «C’est excellent dans notre cantine ! Et la nourriture est bonne pour notre santé. Mais on mange trop souvent des légumes. La semaine dernière, il y avait deux fois de la courge. La sauce change mais c’est le même goût», explique-t-elle avec le soutien de ses copines du CM2 Lou-Ann et Gena. Ici, ni friand ni cordon-bleu. Toutes attendent avec impatience le collège «pour manger chinois ou américain». Elles se lèvent chercher le dessert : des pommes et des poires coupées en quartiers. «Le pain aussi est tranché, les bols de crudités sont plus ou moins remplis, le fromage est coupé à la demande, énumère Gilles Perole. Chacun se sert selon sa faim, cela permet d’éviter le gaspillage.»

Et à la fin du repas, les poubelles sont pesées. «On a réduit de 80 % nos déchets. Ils représentaient 147 grammes par repas en 2010, contre 30 grammes aujourd’hui, évalue l’élu. On peut ainsi économiser 20 centimes par plateau et adapter la quantité à la réalité de la consommation.» Une chasse au gaspi qui permet à Mouans-Sartoux de maîtriser son budget «parce que le bio est plus coûteux à l’achat, reconnaît l’adjoint au maire Gilles Perole. Nous devons acheter les pâtes ou le riz 20 % à 30 % plus cher».

Dans l’assiette, les matières premières tournent en moyenne à 2,04 euros par repas. «C’est dans la fourchette haute du coût d’une cantine traditionnelle, poursuit Perole. Cela prouve que toutes les collectivités peuvent s’y mettre avec un peu de volonté politique.» A Mouans-Sartoux, la cantine est gérée en régie. Comme l’eau, les transports scolaires et les services funéraires.

Retour au domaine Haute-Combe. Il s’est arrêté de pleuvoir. Sébastien Jouve est parti au fond du champ arracher ses poireaux. L’agriculteur profite aussi de la saison creuse de l’hiver pour faire les plans de la rotation des cultures et pour aménager le terrain.
Diplôme

Car bientôt, la bâtisse au cœur des terres accueillera Camille, Madeline et les autres écoliers mouansois pour une éducation à l’agriculture, à l’alimentation et au développement durable. En janvier, c’est aussi ici que l’université Nice-Côte-d’Azur installera le premier diplôme universitaire en management de projet alimentaire durable dans les collectivités. «Après un diagnostic de leur territoire, les douze étudiants et responsables de collectivités territoriales élaboreront un projet, un budget et une étude de faisabilité», détaille Gilles Perole. Aujourd’hui, selon les calculs de l’agence Bio, seule 3 % de la restauration collective fournit du bio. «C’est trop peu, déplore-t-il. Mais les communes volontaires peuvent se nourrir de notre expérience.» Et ainsi maîtriser leur alimentation, de la fourche à la fourchette.
Mathilde Frénois envoyée spéciale à Mouans-Sartoux (Alpes-Maritimes)
",http://md1.libe.com/photo/1082837-cantine-bio-a-mouans-sartoux.jpg?modified_at=1513972927&width=960,22 décembre 2017
http://www.liberation.fr/evenements-libe/2017/12/22/chez-florent-ladeyn-de-l-oie-des-flandres-aux-feuilles-de-sureau_1618623,Pierre Carrey,Libé des solutions,Boeschèpe (Nord),"Chez Florent Ladeyn, de l’oie des Flandres aux feuilles de sureau","Le Nordiste, connu pour «Top Chef», renoue avec les paysans du coin et se fournit uniquement dans un rayon de moins de 50 kilomètres.

    Chez Florent Ladeyn, de l’oie des Flandres aux feuilles de sureau

Dans la mesure où le cacao - jusqu’à preuve du contraire - ne pousse pas dans les monts des Flandres, le chef nordiste Florent Ladeyn a inventé son chocolat local, un mélange de malt et de betterave séchée. Existe aussi en version «Banania», quand on y ajoute du topinambour.

Ce pionnier de la cuisine «locavore» en France, qui a fait fumer l’écran comme finaliste de l’émission Top Chef en 2013 (le barbu zen, c’est lui), pense que son travail est un jeu mais que son métier a de graves responsabilités : «On a laissé crever les paysans.» D’abord les bêtes, puis les hommes. «A force d’importer du porc ibérique, le meilleur du monde paraît-il, on a négligé les races locales. C’est ainsi que le porc des Flandres a disparu dans les années 70.» Son cousin d’espèce a failli s’éteindre aussi, mais Ladeyn l’a retrouvé chez des éleveurs, militants sans le dire, et le sert de temps à autre au menu : «Un cochon croisé des Flamands et des Anglais… comme les gens d’ici !»

Les collines de Boeschèpe sont à 40 minutes de Lille. Sur la route, qui effleure la frontière belge, on longe des chapelles. La région est celle de toutes les guerres et des exodes. Dont celui des migrants qui arrivent à Calais. Ladeyn leur a déjà préparé quelques repas du côté de Grande-Synthe. Ce restaurateur de 33 ans ne s’est pas éveillé d’un coup à l’idée que nourrir n’était pas seulement un art éphémère, une mode ou un luxe, mais le fondement qui tient une société debout.

Cuisinier par son père, «sorcier» par sa mère, il a d’abord fait comme tout le monde à l’auberge familiale du Vert Mont : de la carbonnade, plat labellisé «flamand» importé par les Espagnols, qui ont occupé la Belgique et les Pays-Bas et ont remplacé leur daube préférée (viande de taureau-tomates-ail-vin rouge) par les ingrédients du cru (bœuf-carottes-oignons-bière, et pain d’épices pour casser l’amertume). A Boeschèpe, les affaires familiales tournaient sans garantie. Un abattage énorme, pas assez de clients. Le père a failli vendre. Raison pour laquelle Florent est parti faire de la promo chez Top Chef. A la même époque, il se rend compte que la tradition est un mot creux et piégeux. «J’avais beau suivre la recette séculaire de la carbonnade, j’utilisais du miel de Chine, du bœuf élevé en Allemagne et découpé en Pologne, s’excuse-t-il. Le terroir, ce n’est pas de l’encre noire sur du papier, c’est du vivant. C’est ce qui se passe sur le sol, ce sont les gens qui y vivent.» Florent Ladeyn reprend alors le fil avec les paysans du coin, le boucher qui jouait au foot avec lui gamin, les pêcheurs de Dunkerque, les maraîchers de part et d’autre de la frontière, qui travaillent en agriculture paysanne, bio ou sauvage. La base. Les militants alter ont baptisé cette façon de manger «locavore» en 2006. Le chef danois René Redzepi, aux commandes du Noma, a starifié le mouvement depuis 2011. Chez Ladeyn, ce n’est pas du marketing. Plutôt une conversion personnelle qu’il concède en slogan : «Je préfère être originel qu’original.»
Sobriété heureuse

Ce matin, la cuisine du Vert Mont tremblote sur du BRMC (les Black Rebel Motorcycle Club). La «team» boit du café au lait dans des chopines de bière. Florent Ladeyn est le plus vieux. Son cousin Clément Dubrulle sort un trésor d’un papier de soie : une oie des Flandres. La peau grasse et jaune, finie au maïs ou au lait. «Nous sommes en train de relancer l’espèce, dit le chef. On en a pris six pièces à un éleveur l’an passé, cette année 26. On aide le producteur à en vivre.» L’an prochain, il aimerait bien dégoter du foie gras des Flandres, en mettant des canards au vert, nourris aux fruits pourris - à la longue, le sucre fermentera dans l’estomac. Il rêve aussi de mijoter un «géant des Flandres», ces lapins grands comme des renards.

La cuisine locavore doit beaucoup à la sobriété heureuse. Rien n’est jeté dans la viande : «On doit respecter l’animal, je n’oublie jamais qu’on l’a buté pour le manger.» Destination rillettes pour les ailes et les cuisses. Les suprêmes, pendus au-dessus du bouillon des carcasses, cuisent comme dans une cheminée puis sont réveillés au dernier moment sur la plaque d’inox, saisis sur l’os. Les cous de volaille sont farcis aux abats. Ce midi, on mange aussi des légumes utilisés de pied en cap jusqu’à la moelle : craquants, comme le chou de Pontoise lactofermenté (celui qui décore les ronds-points) ; fondants, telle cette betterave jaune rôtie avec des fleurs et feuilles de sureau ; sucrés, pour conclure, avec une exceptionnelle crème brûlée de raifort et pointe de sel…

Au Vert Mont, l’hiver a le goût de l’âtre, des baies des bois aigrelettes, des saveurs rentrées et crues comme des racines, jamais aguicheuses. «C’est ma saison préférée, confie Ladeyn. Avant, je cuisinais selon les quatre saisons. Puis je suis monté à une vingtaine, en prenant compte des périodes intermédiaires. J’ai complexifié jusqu’à une cinquantaine, une saison par semaine. Maintenant je suis redescendu à deux : l’hiver et le reste de l’année.»

Saison récompense. Ceux qui ont transpiré les mois d’avant peuvent piocher dans leurs réserves. Ladeyn, qui court les bois aux beaux jours, tape par temps de froid dans ses immenses bocaux qui séparent la cuisine du restaurant : les shiitakés marinés donnent une exceptionnelle poudre de truffe une fois séchés et concassés, les câpres de sureau et coriandre remplacent le poivre vert, le vinaigre à la bière joue le rôle du citron…

Ladeyn dit qu’il fait une cuisine «paysanne». Il se méfie des mots savants comme «naturalité». «Tout le monde s’en réclame, y compris le gâteau en forme de banquise servi au banquet de la COP 21. Vous savez ce qu’il y avait dedans ? Du chocolat et de la vanille. Ces produits ont beau être labellisés ""commerce équitable"", ils poussent à des milliers de kilomètres d’ici. A mon avis, il aurait mieux valu faire une superbe tarte aux pommes. En plus, c’est beaucoup plus difficile à réaliser…» Le chef se doute qu’on va le chercher sur ses contradictions. Précise que ses ingrédients - et même sa vaisselle en terre cuite - proviennent d’un rayon d’au plus 50 kilomètres (les locavores américains ont théorisé la limite à 160 km). Seules concessions, les vins (bios, souvent non filtrés), le sel, qu’un cuistot natif de Guérande lui ramène de ses vacances dans le coffre de la voiture, et le café qui clôt le repas.
Gris-bleu

Comme le prophète porte ce jour-là des pompes de sport - presque fichues -, il regrette qu’elles soient conçues au Vietnam «par des gamins dont je refuse qu’ils me cueillent en plus du yuzu [cet agrume à la mode, ndlr]». Sale vie pour les prophètes, condamnés à la pureté extrême dans le regard des autres. Florent Ladeyn le vit bien, centré sur son auberge, ouvert au monde malgré une philosophie parfois taxée de repli. Les fermiers sont devenus des copains et viennent manger chez lui en bottes, parmi les clients qui posent le Michelin devant la corbeille à pain et optent pour le menu le plus cher (60 euros pour douze plats, un tarif très doux à ce stade).

Sur les terres de sa famille, Ladeyn s’est contenté de mettre une mare, un carré d’herbes et des ruches sur l’ancien court de tennis. Il aurait pu muer le tout en potager, embaucher des jardiniers. «Ça me reviendrait moins cher, explique-t-il, mais le but de la cuisine locavore est de faire tenir l’économie de la région, pas de lui faire concurrence.» Sur le prix au kilo de l’oie des Flandres : «Dix euros, c’est une belle somme pour un restaurateur, mais c’est le juste prix. Je ne négocie jamais.» Etape suivante : ouvrir à Lille, ce printemps, une «baraque à frites», menu locavore imbattable à 10 euros. Singapour et Dubaï peuvent attendre. Tout comme cette boisson gazeuse américaine qui l’a appelé après Top Chef pour tourner des pubs. «Ils m’ont proposé 20 000 euros. Puis 25 000. Puis 35 000. Ça représente plus de deux ans de salaire, mais je ne pouvais pas dire oui.» Florent Ladeyn gagne 1 380 euros par mois. «Je préfère embaucher que me reverser des dividendes.» Il profite de sa famille quand il peut, répond très difficilement au téléphone.

La nuit tranche le ciel des Flandres dont on ne sait jamais s’il est bleu, s’il est gris ou gris-bleu. Une sensation immense d’apaisement tombe sur l’auberge. Florent ne comprend pas pourquoi les touristes friqués passent l’hiver à Monaco ou au Maroc plutôt qu’à Boeschèpe. «L’exotisme, c’est ici.»
Pierre Carrey à Boeschèpe (Nord) ",http://md1.libe.com/photo/1082840-reportage-pour-liberation-a-l-auberge-du-vermont.jpg?modified_at=1513972804&width=960,22 décembre 2017
http://www.liberation.fr/evenements-libe/2017/12/22/dans-la-banlieue-lyonnaise-vrac-democratise-le-manger-bon_1618622,Jacky Durand,Libé des solutions,Lyon,"Dans la banlieue lyonnaise, Vrac démocratise le «manger bon»","L’association, une coopérative d’achats lancée en 2013, vend aux habitants de quartiers populaires des produits bio à prix coûtant.

    Dans la banlieue lyonnaise, Vrac démocratise le «manger bon»

Vu d’un porte-monnaie moyen, on se dit qu’il ne doit pas être évident de se nourrir en circuit court et en bio quand on compte ses derniers euros pour finir le mois. Et pourtant, cela semble possible : la preuve par l’exemple avec Vrac, une association qui vend, sans marge, produits alimentaires et ménagers dans les banlieues lyonnaises et fait désormais des petits à Strasbourg, Bordeaux et bientôt Toulouse.

Comme souvent pour les projets discrets, humbles mais efficaces, l’idée n’est pas née dans une grand-messe médiatisée mais après un apéro et une discussion de TGV entre Cédric Van Styvendael, directeur général d’Est métropole habitat, bailleur social de la métropole de Lyon, Marc Uhry, ancien directeur de l’agence Rhône-Alpes de la Fondation Abbé-Pierre, et Boris Tavernier, aujourd’hui directeur de Vrac, qui raconte : «On cherchait à développer de nouveaux services qui permettent à la fois de donner du pouvoir d’achat aux habitants des cités tout en luttant contre l’exclusion et l’isolement.»

La nourriture étant souvent le plus court chemin du lien social et aussi le fond de sauce de l’économie solidaire, les trois protagonistes imaginent une coopérative d’achats associative qui voit le jour en 2013, à charge pour Boris Tavernier de la faire vivre. Originaire du Pas-de-Calais, ce touche-à-tout, chantre de la proximité, fut pendant dix ans l’un des piliers de l’Autre côté du pont, café alternatif et solidaire à Lyon, tout à la fois lieu de spectacles, de débats et de frichtis de produits locaux.
«Enfance»

Quand le premier président de Vrac lui conseille de s’enfermer dans un bureau pour plancher sur le projet, il s’empresse d’arpenter le terrain au pied des tours de Vénissieux, de la Duchère et de Vaulx-en-Velin. Il sait qu’on est crédible en banlieue quand on prend le temps d’écouter et de donner la parole à celles et ceux qui sont si peu visibles derrière la ceinture des périphériques. «Je suis allé dans les centres sociaux, les écoles, les mosquées… J’ai fait des ateliers dégustation autour du miel, des fromages, des fruits, sans parler de la provenance et sans dire que c’était du bio car on m’aurait dit d’emblée que ce serait trop cher. C’est le goût qui les a convaincus car j’ai découvert des gens très connaisseurs en matière de bons produits, ayant le souvenir des jardins de leur enfance, et qui aspirent à bien se nourrir en famille. Souvent, faute de commerces dans les quartiers, ils développent des stratégies d’achats impressionnantes, vont se procurer leurs légumes à un endroit, leur viande à un autre.»

Pour remplir les paniers, Boris Tavernier peut compter sur son réseau de fournisseurs constitué au café de l’Autre côté du pont : un producteur de fromage de chèvre dans le Pilat, deux apiculteurs dans le Bugey, un minotier dans l’Ain, un producteur de jus de fruits en Isère… La première livraison a lieu en novembre 2014 et les chiffres suivants parlent d’eux-mêmes : Vrac a vendu pour 55 000 euros de produits en 2015, 107 000 euros en 2016 et 250 000 euros en 2017. L’association compte aujourd’hui 1 200 membres, quatre salariés, est financée par les bailleurs sociaux, la Fondation Abbé-Pierre, le Secours catholique et la métropole de Lyon.

Pour faire ses courses chez Vrac, il suffit d’y adhérer (1 euro), de passer commande par courrier électronique mais pas seulement : «30 % de nos adhérents n’ont pas d’adresse mail, explique Boris Tavernier. On travaille beaucoup par SMS.» L’ensemble des commandes est centralisé dans un entrepôt à Vaulx-en-Velin puis redistribué une fois par mois dans les différents quartiers. Ainsi, c’est jour de courses au centre social de Vénissieux. Il y a des gamins qui dessinent et dans une grande pièce, des adhérents de Vrac qui disposent les marchandises sur des tables. Il y a des retraitées, des mères avec enfants mais pas d’hommes. «C’est un projet très féminin, affirme Boris Tavernier. Plus de 50 % de notre public vit seul. Elles ont ici un endroit pour se retrouver, parler. Certaines restent trois heures, d’autres juste pour acheter 100 g de chocolat, il n’y a pas de commande minimale.» Régine tranche des parts de comté, produit dans l’Ain : «C’est le côté ""mettre la main à la pâte"", partage autour de produits abordables et de qualité qui m’a plu», explique-t-elle. Perrine compte des coupelles de compote qui viennent de la Drôme. Amel pèse la farine : «Je viens car c’est bio et local. La convivialité et les prix d’ici, ça change du supermarché. Dans le coin il y a Carrefour et Leclerc où j’achète bio, mais pas tout, car il y a la barrière du budget. Je veux que mes enfants aient une meilleure qualité de vie et ça passe par la nourriture. C’est mon combat à moi.»
Horizons

Chez Vrac, on vient avec son bidon à remplir d’huile d’olive, son sac ou sa boîte que l’on garnit de pâtes ou de farine. Pas d’emballage superflu, donc polluant la planète, alourdissant la note. Résultat, la farine en conversion bio est à 0,80 euro le kilo, l’huile d’olive bio à 5,80 euros le litre, le comté à 10,20 euros le kilo. Vrac ouvre aussi d’autres horizons à ses adhérents en organisant des visites chez les producteurs où ils orientent leurs commandes vers de nouveaux produits, comme la farine de sarrasin. Des ateliers de cuisine ont également été organisés au pied des tours, avec jury professionnel. Toute la richesse de cette aventure est racontée dans Femmes d’ici, cuisines d’ailleurs, trésors culinaires familiaux (1) où quinze femmes ouvrent leur cuisine et font partager le plat auquel elles tiennent, sous la plume de l’écrivain Alexis Jenni (prix Goncourt 2011).

Le 15 décembre, Vrac a été récompensé par la fondation La France s’engage, présidée par François Hollande, avec à la clé 250 000 euros (sur trois ans) qui vont lui permettre de développer et pérenniser ses activités. L’association planche sur la création d’une assurance habitat pour ses adhérents qui serait «30 % moins cher que les tarifs habituels», selon Boris Tavernier. Les circuits courts mènent décidément à tout.

(1) Ed. Albin Michel, 2017, 29,90 euros
Jacky Durand ",http://md1.libe.com/photo/1082838-association-vrac.jpg?modified_at=1513973135&width=960,22 décembre 2017
http://www.liberation.fr/evenements-libe/2017/12/22/laure-de-biasi-la-grande-distribution-ne-doit-pas-denaturer-le-locavorisme_1618627,Christophe Alix,Libé des solutions,France,Laure de Biasi «La grande distribution ne doit pas dénaturer le locavorisme»,"Pour Laure de Biasi, cheffe de projet à l’Institut d’aménagement et d’urbanisme d’Ile-de-France, les acteurs traditionnels et ceux des circuits courts peuvent cohabiter.

    Laure de Biasi «La grande distribution ne doit pas dénaturer le locavorisme»

Ingénieure en agronomie, Laure de Biasi est cheffe de projet pour l’alimentation durable à l’Institut d’aménagement et d’urbanisme d’Ile-de-France.
Le locavorisme progresse-t-il en France ?

Oui, même s’il n’y a pas de distance officielle pour le définir. Lorsque le terme est apparu à San Francisco en 2005, la limite avait été fixée à 100 miles autour de la ville mais on peut dire qu’est locavore celui qui consomme des produits «locaux» dans un rayon jusqu’à 250 km. Sur les 350 Amap [Association pour le maintien d’une agriculture paysanne, ndlr] franciliennes, la moitié des agriculteurs [dont elles distribuent la production] sont situés en dehors de la région.
Quelles sont les motivations pour consommer local ?

Elles sont multiples. Le locavorisme se développe avec la consommation de produits bio et le végétarisme. Il y a le souci de soutenir l’économie locale et la perte de confiance dans l’offre alimentaire, le sentiment que l’on ne maîtrise plus ce que l’on mange. Les villes et l’agriculture se sont longtemps tourné le dos. Les premières se sont développées sur les terres les plus fertiles et en grandissant ont grignoté leurs surfaces nourricières. En se modernisant et en se spécialisant, l’agriculture, elle, s’est éloignée des villes. Mais cette double déconnexion commence à s’atténuer avec l’aspiration des consommateurs à remettre du sens, du lien et de la sécurité dans leur alimentation.
Quels en sont les signes concrets en Ile-de-France ?

Le phénomène touche à la fois les particuliers et les collectivités. Il y a 20 systèmes différents de circuits courts (zéro ou un seul intermédiaire) dans la région de la capitale allant des marchés aux cueillettes en passant par la vente à la ferme ou encore les Amap, dont la première a vu le jour à Pantin [Seine-Saint-Denis] en 2003. On voit également de plus en plus de cantines bio et locavores et des projets de développement de l’agriculture urbaine. Le plan «Parisculteurs» prévoit 100 hectares de végétalisation dans la ville, dont 30 sur les toits avec des rendements qui peuvent être égaux à la pleine terre.
Mais les surfaces agricoles en Ile-de-France continuent à décroître…

On y compte une exploitation agricole pour 2 360 habitants, contre une pour 128 à l’échelle de la France. Et ce chiffre tombe à une pour 74 000 habitants dans Paris et sa petite couronne. Les surfaces agricoles reculent, mais c’est surtout le nombre d’exploitations qui a fortement diminué. Elles ne sont plus que 5 000 aujourd’hui. Autant dire que l’agriculture francilienne est incapable de nourrir ni en quantité ni en diversité les 12 millions de Franciliens, même si dans certaines filières, la région pourrait être autosuffisante. C’est le cas pour le blé (la baguette est le produit le plus locavore) ou le cresson, mais on est à 10 % pour les fruits et légumes et 1 % seulement pour la viande et le lait.
La grande distribution surfe elle aussi sur cette tendance…

Avec une grande distribution par laquelle transite 70 % de la production alimentaire, il suffit qu’elle mette un peu plus de produits locaux en rayon pour que cela suffise à écouler de gros volumes. C’est positif pour les producteurs, qui bénéficient de meilleures marges dans ces circuits sans intermédiaires ou presque. Mais le locavorisme est également porteur d’un rapport différent à l’agriculture et à l’alimentation, qui passe par exemple par le paiement des récoltes à l’avance. Ce respect du produit n’est pas le fort de la grande distribution et il faut faire attention à ce qu’elle ne récupère pas le mouvement en le dénaturant. Cependant, cela n’a pas empêché tous les modèles alternatifs de niche d’exister, ce qui est la preuve que plusieurs systèmes peuvent cohabiter. On ne dispose malheureusement pas d’études comparées sur les prix et les marges des deux systèmes, ce qui serait pourtant utile pour analyser plus finement en quoi le locavorisme peut également sortir gagnant de cette incursion des acteurs traditionnels dans son modèle.
Comment continuer à faire croître ce modèle encore émergent ?

Un producteur en circuit court passe forcément moins de temps dans son exploitation et devient en même temps son propre distributeur, vendeur, etc. C’est la raison pour laquelle il a besoin d’être épaulé par de nouveaux intermédiaires, à l’image du modèle hybride développé par la plateforme La ruche qui dit oui.
Un Francilien peut-il réveillonner 100 % locavore en 2017 ?

Tout à fait et nous proposons un menu de ce type sur notre site : fondant de potiron en entrée, canon d’agneau à la moutarde de Meaux en plat accompagné de cresson de Méréville et de choux de Pontoise, tempura de brie en fromage et poires rôties au miel pour le dessert, le tout arrosé d’une bière du Vexin ou du Gâtinais.
Christophe Alix ",http://md1.libe.com/photo/978791-distribution-consommation-environnement-assemblee.jpg?modified_at=1523454090&width=960,22 décembre 2017
http://www.liberation.fr/planete/2017/12/22/pour-rajoy-le-probleme-catalan-reste-entier_1618611,François Musseau,Libé des solutions,Barcelone,"Pour Rajoy, le problème catalan reste entier ","Les élections législatives de jeudi ont offert une majorité aux sécessionistes catalans, tout en consacrant la force du parti de centre-droit Ciudadanos, grand rival du Parti populaire. Un double échec pour le chef du gouvernement espagnol.

    Pour Rajoy, le problème catalan reste entier

Le 27 octobre, en appliquant pour la première fois l’article 155 de la Constitution (la mise sous tutelle d’une région entière par l’Etat), le chef du gouvernement espagnol, le conservateur Mariano Rajoy, pensait avoir en partie réglé le casse-tête catalan et étouffé pour un temps la fièvre sécessionniste de la locomotive économique du pays. D’autant que, contrairement à toutes les attentes, la mainmise de Madrid sur les institutions catalanes avait été apparemment bien acceptée par les hauts fonctionnaires régionaux et une bonne partie de l’opinion, fatiguée des rassemblements incessants en faveur d’une république dont l’avènement paraît bien incertain.

Rajoy, et avec lui les partisans de la fermeté autoritaire envers la rebelle Catalogne, s’est lourdement trompé : jeudi, à l’issue d’un scrutin marqué par un civisme exemplaire et une participation (81,94 %) qui ne se rencontre plus en Espagne, le camp séparatiste a montré qu’il était irréductible. «Le gouvernement Rajoy est confronté à un problème politique de premier ordre, réagissait Jesus Maraña, du journal en ligne InfoLibre. Et il va bien lui falloir s’y atteler ; les mesures autoritaires ne constituent pas une solution durable.»
«Majorité silencieuse»

Avant les élections régionales anticipées de jeudi, scrutin au contexte inédit (le président catalan destitué, Carles Puigdemont, est en exil à Bruxelles, son ancien numéro 2 Oriol Junqueras et d’autres ministres sont en prison près de Madrid), une bonne partie de l’Espagne nourrissait l’espoir d’un revirement historique : et si ces Catalans de la «majorité silencieuse», ceux qui se sentent à l’aise dans le giron espagnol mais dont on ne parle jamais parce que les nationalistes ont le monopole de la rue, des médias publics et de l’invective, et si ceux-ci manifestaient dans l’urne ce qu’ils taisent dans leur quotidien ?

Cette espérance - une prophétie dans le cas de Rajoy et des siens - s’est certes réalisée. Comme le montre la forte participation, ils se sont mobilisés en masse. Le résultat est que, pour la première fois de l’histoire de la Catalogne, un parti non nationaliste triomphe en suffrages (25,3 %) et en sièges au Parlement régional (37) : emmenée par la jeune et charismatique Inés Arrimadas, le parti Ciudadanos, chantre d’une Espagne indivisible et belligérante contre le séparatisme, a dépassé tous les pronostics. La spectaculaire percée de Ciudadanos, qui n’avait que 25 sièges en 2015, lors des précédentes législatives régionales, est pourtant une victoire à la Pyrrhus, voire inutile. Car, en face, même s’ils accusent une légère baisse en suffrages et en sièges, les deux grands partis sécessionnistes conservent leur hégémonie : Esquerra Republicana (Gauche républicaine, ERC), avec 32 députés, Junts per Catalunya (Ensemble pour la Catalogne), avec 34. S’ils scellent de nouveau une alliance avec les anticapitalistes de la CUP, ils disposeront de la majorité absolue dans l’hémicycle de Barcelone (70 sièges sur 135).
«Légitime et en exil»

«Les indépendantistes ont surpris par leur résilience, leur solidité, leur détermination», réagissait jeudi soir un éditorialiste de Radio Catalunya. Cette forteresse électorale s’est confirmée en dépit des circonstances les plus adverses, avec le leader d’Esquerra, Oriol Junqueras, derrière les barreaux, et le chef de file de Junts per Catalunya, Carles Puigdemont (grand vainqueur du scrutin) en Belgique, où il s’affiche comme «le président légitime et en exil de la Catalogne». Sa proposition à Mariano Rajoy de se rencontrer hors d’Espagne a toutefois été sèchement rejetée par ce dernier.

L’avenir immédiat est incertain et chargé d’interrogations sur la gouvernabilité d’une région dont les turbulences politiques affectent gravement l’économie locale - quelque 3 000 entreprises ont déménagé leur siège social, la croissance trimestrielle enregistre une forte baisse, le tourisme a fléchi - et, par ricochet, l’image de l’Espagne. Si une majorité séparatiste se confirme au Parlement autonome, Carles Puigdemont pourra-t-il de nouveau être intronisé chef de l’exécutif ? La justice espagnole a en effet l’intention, dès qu’il foulera le sol national, de le placer en détention préventive, avant de le juger pour «rébellion» et «sédition», chefs d’accusation gravissimes qui peuvent lui valoir jusqu’à trente ans de réclusion. Quant aux huit autres députés en prison ou poursuivis par la justice, pourront-ils siéger ?

Par effet boomerang, Mariano Rajoy devra prendre rapidement des décisions cruciales, comme le maintien ou la suspension de la mise sous tutelle de la Catalogne. Le chef du gouvernement s’est vu infliger jeudi une triple gifle. D’une part, le défi sécessionniste à l’Espagne reste entier. D’autre part, il a perdu totalement pied dans cette riche région où sa formation, le Parti populaire, a presque disparu du panorama électoral avec un misérable 4 % des suffrages et 3 sièges. Enfin, le jeune parti de centre droit Ciudadanos, son grand rival sur l’échiquier national, a remporté un triomphe historique qui pourrait bien avoir un effet contagieux dans le reste du pays. C’est «la plus grande tragédie de Rajoy», résume le chroniqueur Rubén Amón. A la tête d’un gouvernement en minorité, le leader conservateur est plus que jamais sur la sellette.
François Musseau envoyé spécial à Barcelone ",http://md1.libe.com/photo/1082825-barcelona-soir-du-21122017-la-estacion-del-norte-ou-il-ya-le-meeting-du-parti-esquerra-republicana-e.jpg?modified_at=1513972287&width=960,22 décembre 2017
http://www.liberation.fr/france/2017/12/22/revenu-de-base-l-idee-passe-aux-cash-tests_1618606,Rémy Descous-Cesari,Libé des solutions,France,Revenu de base : l’idée passe aux cash-tests,"Au centre des débats lors de la dernière campagne présidentielle, le revenu de base pourrait être expérimenté dans huit départements socialistes. Mais la société civile innove aussi : une association créée par l’écologiste Julien Bayou a déjà lancé son propre dispositif.

    Revenu de base : l’idée passe aux cash-tests

L’idée d’un revenu de base a été mise sur le devant de la scène lors de la dernière campagne présidentielle, la mesure étant notamment proposée par le candidat PS Benoît Hamon. L’association Mon revenu de base (MRB), portée par Julien Bayou (EE-LV), expérimente le versement d’un revenu avec trois volontaires, tirés au sort. Pour le porte-parole d’Europe Ecologie-les Verts et conseiller régional d’Ile-de-France, les combats à mener sont nombreux pour lutter contre la pauvreté. Il milite pour le revenu de base - ou revenu universel - depuis les élections européennes de 2009. Pour les associations MRB ou le Mouvement français pour un revenu de base (MFRB), «revenu de base» ou «revenu universel» sont des termes utilisés pour parler de la même idée : «Donner un revenu à tous les membres de la communauté, quels que soient leurs revenus ou leurs situations professionnelles.»

A lire aussi «Maintenant, je peux vraiment établir un projet de vie»

«C’est un revenu garanti que vous touchez sans condition de votre naissance à votre mort, explique le conseiller régional. Je suis pour la version progressiste, c’est-à-dire qui vient en complément de la politique sociale. Il ne va pas remplacer la retraite ou le chômage.» Il ajoute que «le RSA serait remplacé par cette aide, mais on pourrait imaginer que l’allocation adulte handicapé persisterait en complément», de même que «les APL». Il s’agit là «de choix politiques», considère l’élu. Ce dont il est convaincu, c’est qu’«il faut déjà commencer par l’expérimenter». En France, 8,9 millions de personnes vivent en dessous du seuil de pauvreté monétaire - qui s’élève à 1 015 euros par mois - selon la dernière étude de l’Insee menée en 2015.
Tirage au sort

Il y a quatre mois, l’élu crée avec une équipe de dix bénévoles MRB, une association à but non lucratif. Ils lancent le 2 novembre une opération de financement participatif pour mettre en place une première expérimentation en France du revenu de base. En un mois, 78 629 personnes se sont inscrites au tirage au sort sur le site monrevenudebase.fr, dont 20 000 ont accepté de répondre à un questionnaire. Selon Julien Bayou, 70 % d’entre elles indiquent avoir reporté des soins de santé pour des raisons financières. Le 6 décembre a lieu un tirage au sort, par un huissier. Trois bénéficiaires - deux femmes et un homme qui résident en Nouvelle-Aquitaine, en Bourgogne-Franche-Comté et en Bretagne - vont recevoir chacun 1 000 euros par mois dès janvier pendant une année (lire ici). Jeudi dernier, MRB a lancé une nouvelle opération de financement participatif, qui prendra fin dans un mois. L’objectif est de récolter suffisamment de dons pour pouvoir financer à nouveau un revenu de base pour trois personnes sur un an et «de contribuer à diffuser l’idée d'un revenu pour tous». «Nous aimerions qu’un projet de loi soit proposé pour que cela ne reste pas une initiative citoyenne mais que cela devienne une préoccupation centrale du gouvernement», explique Camille Lambert, coordinatrice du MFRB. Selon Baptiste Mylondo, enseignant-chercheur en économie, partisan du revenu «inconditionnel», la question posée à tous est : «Qu’est-ce que l’on attend pour assurer une meilleure aide aux pauvres et mettre fin à la pénibilité des tâches au travail ? Aujourd’hui, nous avons les moyens de garantir à tous un revenu équivalent au seuil de pauvreté.»

Huit présidents socialistes de département (Ariège, Aude, Gers, Haute-Garonne, Gironde, Ille-et-Vilaine, Meurthe-et-Moselle et Seine-Saint-Denis) ont annoncé fin décembre dans une tribune au JDD leur engagement pour tester le revenu de base, soulignant le manque d’efficacité du RSA pour vaincre la pauvreté. La veille, lors du 100e Congrès des maires, Emmanuel Macron avait annoncé vouloir réformer la Constitution pour assouplir le droit à l’expérimentation dans certains territoires. Avant de lancer le premier financement participatif d’un revenu de base en France, Julien Bayou s’est directement inspiré des voisins d’outre-Rhin. L’association «Mein Grundeinkommen» («Mon revenu de base»), créée en 2014 par Michael Bohmeyer, invite sur son site web les internautes à financer un revenu de base. Le succès est fulgurant. Depuis sa création, l’organisme à but non lucratif a reçu suffisamment d’argent pour distribuer un revenu de base pendant un an à 132 personnes.
560 euros par mois

D’autres expérimentations ont lieu au sein de l’UE. Notamment en Finlande, où le dispositif est testé depuis janvier 2017 auprès de 2 000 demandeurs d’emploi âgés de 25 à 58 ans, tirés au sort pour percevoir 560 euros par mois, en lieu et place de leur allocation-chômage, pendant deux ans. S’ils touchaient une indemnisation plus élevée, la Sécurité sociale leur versera la différence. Et si l’un d’eux retrouve un emploi, les 560 euros continueront à leur être versés quel que soit le salaire perçu.
Rémy Descous-Cesari ",http://md1.libe.com/photo/1082823-societe-association-prevention.jpg?modified_at=1513972457&width=960,22 décembre 2017
http://www.liberation.fr/france/2017/12/22/auvergne-une-remise-en-question-totale-qui-vaut-le-coup_1618575,Didier Arnaud,Libé des solutions,Auvergne,"Auvergne : «Une remise en question totale, qui vaut le coup» ","Pour inciter les urbains à s’installer dans la région des volcans, le dispositif «New Deal» propose offres d’emploi et aides financières. Plus de 700 Français en ont déjà bénéficié. Rencontre avec quatre d’entre eux.

    Auvergne : «Une remise en question totale, qui vaut le coup»

Au loin, on aperçoit de la neige sur la chaîne des Puys. C’est un paysage calme, serein, qu’ils disent admirer quotidiennement. Un beau jour, ces Français ont décidé de faire le grand saut. Quitter Paris, Aix… pour s’installer au pays des volcans, aidés par la région. Depuis cinq ans, l’Auvergne lutte contre le dépeuplement des actifs grâce à son programme «New Deal». Regroupant les offres d’emploi d’entreprises volontaires, le dispositif aide aussi les nouveaux arrivants en leur offrant leur loyer pendant leur période d’essai. Essayer l’Auvergne, c’est parfois l’adopter.

Renaud Biemans, 33 ans, venu d’Aix-en-Provence.

Renaud Biemans, 33 ans, venu d’Aix-en-Provence. Photo Pascal Aimar. Tendance
Renaud Biemans : «Ici, ils sont prêts à filer les clés à des jeunes»

Renaud Biemans, 33 ans, est arrivé il y a quatre ans. Il est «ergonome des interfaces». Une entreprise d’Issoire, à une quarantaine de kilomètres au sud de Clermont-Ferrand, cherchait «quelqu’un comme moi». Pourtant, l’homme n’y connaissait «personne», a vu un reportage sur le New Deal, qui accompagne financièrement l’installation des nouveaux arrivants. Ce dispositif, lancé par l’Agence des territoires d’Auvergne, propose des offres d’emploi, 150 en ce moment. La région dispense aussi une aide à l’installation durant la période d’essai, soit 500 euros pendant trois mois. Plus de 700 personnes en auraient déjà bénéficié depuis cinq ans.

Pour Renaud Biemans, le reste s’est fait à la faveur des sorties, promenades, cours de dessins : un petit cercle d’amis se constitue. «C’était vraiment l’aventure, le rêve américain, résume-t-il. La maison et son petit carré de jardin.» A Aix-en-Provence, le couple aurait juste pu prétendre à un appartement de 50 m2 avec terrasse. «Là, avec 150 000 euros, on achète une maison.» Aujourd’hui, depuis le Sud-Est, c’est un peu «l’expédition» en voiture. «Il manque une ligne TGV et d’avion. C’est tout de même très enclavé, et parfois l’hiver, les routes sont coupées. C’est le pays des volcans, mais des volcans éteints…» ironise-t-il.

Renaud Biemans note que beaucoup de ses collègues de travail viennent d’ailleurs : dans son entreprise, il y aurait un Auvergnat pour sept étrangers à la région. Il dit aussi que même si question travail, ce n’est pas «la folie des opportunités», «on nous donne notre chance». Dans le Sud, «c’est priorité au pote du patron».

Alors que là, «ils sont prêts à filer les clés à des jeunes» même si les Auvergnats ont la réputation d’être «un peu bourrus». Pourtant, à la boulangerie, «les gens disent bonjour». Question offre culturelle, Renaud Biemans trouve que la ville est dynamique, la scène musicale clermontoise y est active - avec la salle la Coopérative de mai -, un festival du court métrage de référence. Peut-être «pas beaucoup de musées», mais le coin est attractif. La preuve : dans l’école de son village, les élèves sont 30 par classe, car 10 lotissements viennent d’être construits.

xavier durand pdg dumont electricite cusset 13 decembre 2017 COMMANDEN° 2017-1692

Xavier Durand, installé à Cusset, après vingt ans de conseil en stratégie à Paris. Photo Pascal Aimar. Tendance
Xavier Durand : «L’implication dans la vie locale est plus facile»

Lui en avait marre de Paris. Xavier Durand, la quarantaine, a repris la société Dumont Electricité Systèmes. Il a posé ses valises en Auvergne voilà trois ans, à Cusset, banlieue de Vichy, après vingt ans de conseil en stratégie à Paris. Ce père de quatre enfants ne se sentait plus «à l’aise dans la capitale». Ex-Auvergnat, parti de Clermont à 22 ans, il est donc de retour au pays, vingt années plus tard. Il a «étudié» une dizaine d’entreprises, de divers secteurs : bâtiment, agroalimentaire, services. Il a choisi Dumont pour son aspect «humain», bâti autour d’un effectif issu majoritairement de l’apprentissage. Comme le monde économique de l’Allier est «très fermé», il a jugé bon de s’investir en tant qu’élu consulaire, «l’implication dans la vie locale est plus facile».

Les journées de Xavier Durand sont longues (6 h 30-20 heures) mais il ne travaille pas le week-end. Le New Deal l’a aidé dans sa construction de réseau. Il lui a tout de même fallu six bons mois pour trouver ses repères. «Cela a été éprouvant psychologiquement, juge-t-il. C’est une remise en question totale, mais elle vaut le coup. L’opération n’est pas simple pour la famille, c’est même un choc de changer de vie», dit-il encore. Sans compter que, «quand on arrive, tout le monde vous regarde un peu». Avec ce changement de vie, l’entrepreneur a aussi révisé son référentiel de valeurs. «A Paris, je n’étais plus moi-même, assure-t-il. Paris, c’est très agressif : il y a beaucoup de misère humaine, une pression très forte et, dans le RER, on est tassés comme des sardines.» La première chose qu’il a faite en arrivant, c’est de changer de plaque d’immatriculation, et jure que les gens l’ont «beaucoup écouté parler. Il faut faire ses preuves».

Xavier Durand est catholique pratiquant, et ce réseau-là lui a facilité les contacts. «L’entrepreneur qui s’installe ici, on va l’aider», juge-t-il. Ses amis franciliens lui disent souvent : «""Nous, on a envie de le faire, toi tu as eu le courage""…» Il a vendu sa maison parisienne, et de toute façon, son retour en arrière serait «impossible». Aujourd’hui, il retape une vieille bâtisse du XIIIe siècle. Même si on a «tendance à penser qu’on est les rois du pétrole quand on arrive», il lui a fallu en rabattre un peu.

aurore thibaud dg laou clermont ferrand 14 decembre 2017 COMMANDEN° 2017-1692

Aurore Thibaud, 25 ans, aide les entreprises installées dans la région à recruter. Photo Pascal Aimar. Tendance
Aurore Thibaud : «A Paris, la différence sociale se vit moins»

Une nouvelle habitante qui met en œuvre ce qu’elle a vécu elle-même ? Voici Aurore Thibaud, 25 ans, qui aide les entreprises installées dans la région à recruter, via sa société dénommée Laou. Un jour, elle a dû répondre à la question : «Qu’est-ce que tu vas aller foutre en région ?» Elle avait une «toute petite boîte», et se trouve aujourd’hui au sein du «booster de start-up» Le Bivouac. «On n’avait pas d’argent mais un truc innovant. Il fallait accélérer, vendre très vite et beaucoup.» Elle soupire : «En France, on a le sentiment qu’on ne peut réussir sa carrière professionnelle qu’à Paris, sinon, on est un loser. On dit monter à Paris, et quand on en part, on descend.»

Cette idée qu’il n’y a de réussite que parisienne vient, croit-elle savoir, du monde de l’art et des artistes. Mais pour les autres, même s’il n’y a «pas beaucoup d’offres de travail, tu n’as besoin que d’une seule», souligne-t-elle. Après avoir vécu quatre années à Paris, Aurore Thibaud se conçoit comme une «militante de la décentralisation». Elle s’amuse beaucoup à Clermont, ville de «bons vivants, avec beaucoup de bistrots et une envie de partager, et de culture, un état d’esprit canon». Après avoir vécu dans des grandes villes, même Bordeaux et Lyon, aujourd’hui, elle «n’y irait pas». «Trop de gens», jure-t-elle. Elle estime que l’on côtoie ici davantage de diversité qu’à Paris, où il y a «trop de trentenaires suréduqués», peu de mixité sociale et générationnelle, et un «urbanisme où la différence sociale se vit moins».

Aurore Thibaud dit «bosser beaucoup mieux, avec une ambiance au travail meilleure», et connaître une qualité de vie «supérieure». Selon elle, «les portes sont plus simples à ouvrir ici». Et au moins, «tu peux avoir une baraque avec pistoche à 150 000 boules, rit-elle. En n’ayant pas d’argent, on vit mieux . A Paris, tu ne fais que calculer tout le temps.» Les Parisiens «ont une image méga-ringarde des provinciaux, ils nous prennent pour des pouilleux». Elle rappelle que, dans ce New Deal, 50 entreprises auvergnates se sont associées pour «proposer plus de 100 offres d’emploi tous secteurs confondus». Et elle conclut : «Mon histoire n’aurait pas été possible sans cela.»

benjamin prunier pdg object as a service clermont ferrand 12 decembre 2017 COMMANDEN° 2017-1692

Benjamin Prunier, qui développe des sites commerciaux, jouit d’un «sacré confort». Photo Pascal Aimar. Tendance
Benjamin Prunier : «Prendre le temps de manger à midi et boire l’apéro»

C’est la capitale parisienne que Benjamin Prunier, 30 ans, né à Clermont-Ferrand, a quittée au bout de dix années. Aujourd’hui, il apprécie «la simplicité des gens, même dans le business». Il travaille pour Object as a Service, une agence de développement de sites de commerce en ligne. Il a été «sélectionné sur dossier» par l’Agence régionale de développement des territoires d’Auvergne. Dans l’économie numérique, Benjamin Prunier assure qu’on peut travailler n’importe où. Il a bénéficié du portage salarial et d’une gestion de la logistique de son déménagement. Il assure qu’il a trouvé en Auvergne un «sacré confort de vie», même s’il était, avant, «taillé en parisien». Il se rend encore dans la capitale une ou deux fois par semaine, en covoiturage ou à moto. Benjamin Prunier juge que la vie parisienne est «speedée», qu’il en a encore conservé un «débit de parole élevé», mais assure qu’ici, il prend le temps de «de manger à midi et boire l’apéro, ce que je ne faisais jamais à Paris». Question rythme de travail, ses employés ne font pas «plus de 35 heures».

Il dit pouvoir arriver aux rendez-vous avec «un quart d’heure de retard», que les gens demandent des nouvelles les uns aux autres, et que le tout fait «la confiance et le business». Le nouvel arrivant aime pouvoir se retrouver à quinze minutes du centre-ville, courir sur les hauteurs. Il analyse ainsi sa «reconversion» : «Ici, on fait du business ensemble parce que les valeurs sont alignées.» Ce que l’ex-Parisien résume en disant : «Il faut savoir donner pour recevoir ensuite.» Beaucoup de ses collègues sont «amoureux de la terre, et du rugby». Lui sort moins souvent au restaurant qu’à Paris, dit gagner «moins d’argent», mais c’est un choix qu’il assume volontiers. «La vitesse parisienne, c’est aussi de l’adrénaline» mais il ne la regrette pas.
Didier Arnaud ",http://md1.libe.com/photo/1082795-aip2017009d07682jpg.jpg?modified_at=1513967821&width=960,22 décembre 2017
http://www.liberation.fr/futurs/2017/12/22/tristan-harris-votre-attention-s-il-vous-plait_1618567,Romain Duchesne,Libé des solutions,Mountain View,"Tristan Harris : votre attention, s’il vous plaît","Cet ex de Google milite contre les géants de la Silicon Valley, s’inquiétant de leur pouvoir toujours plus hégémonique sur nos vies et notre temps.

    Tristan Harris : votre attention, s’il vous plaît

Combien de temps vous faudra-t-il pour lire cet article ? Cinq minutes top chrono, une opération réalisée d’un trait ? Ou devrez-vous vous y reprendre à plusieurs fois, après des interruptions plus ou moins consenties ? On ne parle pas du bébé qui pleure ou du bus après lequel il faut courir, mais de petites choses bien plus sournoises : une notification Facebook parce que votre cousin a eu la bonne idée de vous taguer sur une photo après un week-end en famille ; un message WhatsApp de votre groupe de potes du lycée ; un récapitulatif des tweets marquants de la journée.

Cette liste, non exhaustive, appartient à ce phénomène que Tristan Harris, 33 ans, appelle «l’économie de l’attention» qui, d’après lui, «pirate nos esprits». Ce trentenaire californien sait de quoi il parle. Jusqu’en 2016, il travaillait chez Google, comme «philosophe produit». Concrètement, il contribuait à l’app Inbox, boîte mail censément intelligente de la firme de Mountain View. Un jour, Harris décide de faire part de ses interrogations à ses collègues. Il envoie à une dizaine d’entre eux un PowerPoint de 144 pages, baptisé «Appel pour minimiser les sources de distraction et respecter l’attention de nos utilisateurs». «Ma présentation est devenue virale, se souvient-il, attablé dans un café de Mission, le quartier bohème tendance de San Francisco, où on le retrouve une matinée de novembre. Le lendemain, je suis allé au boulot et j’ai vu qu’une centaine de personnes étaient en train de regarder le document partagé. Le jour d’après, elles étaient 300.» Le doc finit même par remonter jusqu’au patron, Larry Page. «Les gens étaient globalement d’accord avec ce que j’écrivais, raconte Harris. Ça leur rappelait le slogan originel de la boîte, don’t be evil [""ne soyez pas malveillant""].»

Mais l’inertie est trop forte, et rien ne bouge. «Tu ne peux pas changer le système de l’intérieur, regrette-t-il. Ce modèle économique est hyperrentable et permet à tous ces ingénieurs informatiques d’envoyer leurs enfants à la fac et de se payer une maison à San Francisco.» Le jeune homme finit par démissionner et lancer son mouvement, Time Well Spent, que l’on peut traduire par «du temps bien utilisé». Il ne se rémunère pas et vit sur ses économies.

Depuis, il sillonne les Etats-Unis, de plateaux télé en conférences TED, en passant par des séances de lobbying auprès des acteurs du secteur, pour marteler son message : «Jamais dans l’histoire une poignée d’ingénieurs (principalement des hommes blancs, âgés de 25 à 35 ans, vivant à San Fransisco), travaillant pour trois entreprises (Google, Apple, Facebook) ont eu autant d’impact sur plus de deux milliards de personnes.» L’an passé, le magazine The Atlantic l’a baptisé«seule personne pouvant prétendre au titre de conscience de la Silicon Valley».

Son café à peine commandé, Harris sort son iPhone. Rituel répété à chaque rendez-vous, où il le met en mode «conduite» pour ne pas être dérangé par des alertes intempestives. Sans round d’observation, il se lance sur le ring. Fiévreux, passionné, il décrit le téléphone, ce petit diablotin qui suce votre temps de cerveau disponible, comme le bandit manchot du XXIe siècle : souvenez-vous de ce numéro de Lucky Luke où même la présidente de la ligue des femmes contre les jeux de hasard finit par devenir accro à la machine à sous… Pour l’ancien ingénieur informatique, le péril est grave. Avec des accents messianiques, il dit : «Ce n’est pas qu’une simple question d’addiction. Notre civilisation est en train de s’autodétruire, car cette technologie progresse plus vite que nous.» Aux Etats-Unis, les utilisateurs de téléphone vérifient leur appareil près de 150 fois par jour. Les tentations sont aussi nombreuses qu’il existe de réseaux sociaux : «YouTube sait de mieux en mieux prévoir quelle vidéo il doit lancer pour te garder devant l’écran, même si cela te prive de sommeil. Instagram excelle à te montrer quelque chose que tu serais en train de rater, ou quelqu’un dont tu devrais être jaloux.» Comme les machines à sous, les applications parviennent à entretenir la flamme, à coups d’abonnés gagnés sur Twitter ou de streaks (classement des relations) sur Snapchat. Parfaites pour l’ego, ces petites sucreries ne compensent pas de nombreux effets négatifs. «Plus tu es connecté, plus tu ressens d’anxiété, affirme Harris. Certaines applications indiquent par exemple qu’un message a été lu par son destinataire. Cela crée une sorte d’obligation à répondre rapidement, sinon tu passes pour un mauvais ami.» Autant de techniques qu’il a pu étudier lors de son passage au Persuasive Tech Lab de Stanford, la prestigieuse université de la Silicon Valley. Cet écosystème tire selon lui la société vers le bas. Exemple sur Facebook, avec le mot-clé «Trump» : «L’algorithme ne sait pas ce que ça veut dire, mais il se rend compte que quand il est présent, tout le monde partage le contenu. Cela crée une indignation perpétuelle qui met la démocratie en danger, parce que pendant ce temps-là, on ne réfléchit pas à ce qui compte vraiment pour nos sociétés, le changement climatique, le ""vivre ensemble"".» Il ne dit pas pour qui va son vote, mais a été chamboulé par la campagne présidentielle de 2016 et la victoire du milliardaire républicain.

Le soldat Harris ne veut pas mener ce combat seul. Trop déséquilibré, «face à des centaines d’ingénieurs informatiques derrière leur écran» : «Ça serait comme se battre au couteau contre un sabre laser.» Harris regarde plutôt du côté de la Commission européenne et des gouvernements, dont il espère qu’ils pousseront bientôt les géants de la tech à «rendre des comptes, sur leurs profits, mais aussi sur la façon dont ils ont pu influencer des élections». En attendant, ce San-Franciscain pur jus, élevé par une mère travailleuse sociale, continue son entreprise de sensibilisation pour une technologie «éthique», à la manière d’un repenti. Chez lui, le déclic est notamment venu lors d’un passage au Burning Man, le festival artistique qui se tient chaque année dans le désert du Nevada : «Cela m’a montré à quel point ma façon de voir le monde était étriquée, à quel point l’industrie de la tech et le consumérisme restreignent nos choix.» Pendant neuf jours, c’était aussi la première fois qu’il se déconnectait totalement.

Aujourd’hui, ce célibataire vit en colocation à San Francisco, au milieu «d’entrepreneurs, de scientifiques, de musiciens». N’allez surtout pas y voir une résurgence hippie du Summer of Love. Harris n’est pas hostile à la technologie. Simplement, plutôt qu’un «Apple Store», il rêve d’un «Help Store», où les applications mettraient les gens en relation. Mais dans la vie réelle.

Août 1984 Naissance à San Francisco.

2002-2006 Etudes d’informatique à Stanford.

2011 Sa start-up, Apture, est rachetée par Google.

2016 Quitte Google et lance Time Well Spent.
Romain Duchesne
",http://md1.libe.com/photo/1082785-aaajpg.jpg?modified_at=1513967695&width=960,22 décembre 2017